Workbook

Sheet Outils
A1: ID_Outil | B1: Nom_Outil | C1: Catégorie | D1: Projet(s) source | E1: Facilité usage (1-5) | F1: Efficacité (1-5) | G1: Score global | H1: Priorité | I1: Recommandation | J1: Source documentaire | K1: Commentaire
A2: OT01 | B2: Power BI | C2: Visualisation / BI | D2: P7, P10, P13 | E2: 4 | F2: 5 | G2: =(E2+F2)/2 -> 4.5 | H2: 1 | I2: PRIORITAIRE | J2: https://learn.microsoft.com/fr-fr/power-bi/ | K2: Outil principal de dashboarding interactif ; idéal pour le reporting opérationnel en temps réel des données de vol et de maintenance chez Aéroworld
A3: OT02 | B3: Python (Jupyter Notebook) | C3: Analyse / Modélisation | D3: P4, P6, P8, P9, P11, P12 | E3: 3.5 | F3: 5 | G3: =(E3+F3)/2 -> 4.25 | H3: 1 | I3: PRIORITAIRE | J3: https://www.python.org/ | K3: Langage polyvalent couvrant l'ensemble de la chaîne data : collecte, nettoyage, modélisation et visualisation des données capteurs embarqués
A4: OT03 | B4: Pandas | C4: Manipulation de données | D4: P4, P6, P8, P9, P11, P12 | E4: 3.8 | F4: 5 | G4: =(E4+F4)/2 -> 4.4 | H4: 1 | I4: PRIORITAIRE | J4: https://pandas.pydata.org/ | K4: Bibliothèque incontournable pour la manipulation et la préparation des volumes massifs de données opérationnelles générés par Aéroworld
A5: OT04 | B5: Scikit-learn | C5: Machine Learning | D5: P8, P11, P12 | E5: 3.2 | F5: 5 | G5: =(E5+F5)/2 -> 4.1 | H5: 1 | I5: PRIORITAIRE | J5: https://scikit-learn.org/stable/ | K5: Permet d'implémenter des modèles de maintenance prédictive et de détection d'anomalies sur les données de capteurs des flottes Aéroworld
A6: OT05 | B6: PostgreSQL (SQL) | C6: Requêtage BDD | D6: P5, P6 | E6: 4 | F6: 4 | G6: =(E6+F6)/2 -> 4 | H6: 1 | I6: PRIORITAIRE | J6: https://www.postgresql.org/ | K6: Essentiel pour interroger les bases de données structurées (historiques de maintenance, données clients, opérations) dans le système d'information Aéroworld
A7: OT06 | B7: Matplotlib / Seaborn | C7: Visualisation Python | D7: P4, P6, P8, P9, P11, P12 | E7: 3.6 | F7: 4.8 | G7: =(E7+F7)/2 -> 4.2 | H7: 2 | I7: Recommandé | J7: https://matplotlib.org/ | K7: Bibliothèques de référence pour l'exploration visuelle des données de vol et la restitution des analyses aux équipes techniques Aéroworld
A8: OT07 | B8: Power Query (Power BI) | C8: Transformation de données | D8: P7, P10, P13 | E8: 4 | F8: 4 | G8: =(E8+F8)/2 -> 4 | H8: 2 | I8: Recommandé | J8: https://learn.microsoft.com/fr-fr/power-query/ | K8: Automatisation du nettoyage et de la transformation des données hebdomadaires directement dans Power BI, sans intervention manuelle
A9: OT08 | B9: Excel | C9: Tableur / Analyse de base | D9: P2, P13 | E9: 5 | F9: 3 | G9: =(E9+F9)/2 -> 4 | H9: 3 | I9: A évaluer | J9: https://support.microsoft.com/fr-fr/excel | K9: Outil universel pour la préparation de données simples et la communication des résultats ; limité pour l'analyse avancée des données de capteurs
A10: OT09 | B10: KNIME | C10: ML visuel / Low-code | D10: P8 | E10: 3 | F10: 3.5 | G10: =(E10+F10)/2 -> 3.25 | H10: 3 | I10: A évaluer | J10: https://docs.knime.com/ap/latest/ | K10: Approche no-code/low-code pour le ML ; intéressant pour permettre aux équipes opérationnelles d'Aéroworld de construire des pipelines sans compétences Python
A11: OT10 | B11: Streamlit | C11: Déploiement app ML | D11: P12 | E11: 3.2 | F11: 4.8 | G11: =(E11+F11)/2 -> 4 | H11: 2 | I11: Recommandé | J11: https://docs.streamlit.io/ | K11: Permet de déployer rapidement une application ML interactive (ex : prédiction de défaillance moteur à partir des données capteurs embarqués) ; forte valeur ajoutée pour la mise en production
A12: OT11 | B12: SQL Power Architect | C12: Modélisation BDD | D12: P5 | E12: 4 | F12: 4 | G12: =(E12+F12)/2 -> 4 | H12: 2 | I12: Recommandé | J12: https://bestofbi.com/products/sql-power-architect-data-modeling/ | K12: Conception et modélisation de l'architecture data (schémas entité-relation) ; utile pour structurer le Data Lake Aéroworld

Sheet Méthodes
A1: ID_Méthode | B1: Nom_Méthode | C1: Famille | D1: Projet(s) source | E1: Métrique perf. | F1: Statut | G1: Efficacité (1-5) | H1: Priorité | I1: Applicabilité Aéroworld (1-5) | J1: Besoin métier associé | K1: Recommandation | L1: Source documentaire
A2: ME01 | B2: Régression logistique | C2: ML Supervisé — Classification | D2: P12 | E2: Accuracy / F1-score | F2: Expérimenté | G2: 5 | H2: 2 | I2: 5 | J2: Détection anomalies sur données capteur embarqués - aide à la décision pour la maintenance prédictive des flottes | K2: Recommandé | L2: https://scikit-learn.org/stable/modules/linear_model.html#logistic-regression
A3: ME02 | B3: Random Forest | C3: ML Supervisé — Ensemble | D3: P12 | E3: Accuracy / F1-score | F3: Expérimenté | G3: 4.8 | H3: 1 | I3: 4.8 | J3: Prédiction défaillances composants aéronautiques | K3: PRIORITAIRE | L3: https://scikit-learn.org/stable/modules/ensemble.html#random-forests
A4: ME03 | B4: K-Means Clustering | C4: ML Non Supervisé | D4: P11, P12 | E4: Inertie / Silhouette | F4: Expérimenté | G4: 3.8 | H4: 2 | I4: 4.2 | J4: Segmentation flottes / regroupement comportements vols | K4: Recommandé | L4: https://scikit-learn.org/stable/modules/clustering.html#k-means
A5: ME04 | B5: ACP | C5: Réduction de dimensions | D5: P11 | E5: Variance expliquée (%) | F5: Expérimenté | G5: 3.6 | H5: 2 | I5: 3.8 | J5: Réduction dimensionnalité des données capteurs embarqués | K5: Recommandé | L5: https://scikit-learn.org/stable/modules/decomposition.html#pca
A6: ME05 | B6: Analyse de séries temporelles | C6: Statistiques temporelles | D6: P9 | E6: RMSE / R² | F6: Expérimenté | G6: 4.6 | H6: 1 | I6: 4.6 | J6: Analyse tendances consommation carburant / volumes de vol | K6: PRIORITAIRE | L6: https://www.statsmodels.org/stable/tsa.html
A7: ME06 | B7: Tests statistiques | C7: Statistiques inférentielles | D7: P9 | E7: p-value | F7: Expérimenté | G7: 3 | H7: 3 | I7: 3 | J7: Validation hypothèses sur données opérationnelles Aéroworld | K7: A évaluer | L7: https://docs.scipy.org/doc/scipy/reference/stats.html
A8: ME07 | B8: KNN | C8: ML Supervisé — Classification | D8: P12 | E8: Accuracy / F1-score | F8: Expérimenté | G8: 4.2 | H8: 2 | I8: 4 | J8: Classification et détection d'anomalies sur données opérationnelles | K8: Recommandé | L8: https://scikit-learn.org/stable/modules/neighbors.html

Sheet Synthèse Veille
A1: Ref. | B1: Type | C1: Nom | D1: Famille / Catégorie | E1: Projet source | F1: Score performance | G1: Priorité (1=haute) | H1: Recommandation finale | I1: Lien besoin Aéroworld | J1: Source documentaire
A2: S01 | B2: Outil | C2: Power BI | D2: =Outils!C2 -> Visualisation / BI | E2: P7, P10, P13 | F2: =Outils!G2 -> 4.5 | G2: =Outils!H2 -> 1 | H2: =Outils!I2 -> PRIORITAIRE | I2: Gouvernance data / Reporting opérationnel | J2: =Outils!J2 -> https://learn.microsoft.com/fr-fr/power-bi/
A3: S02 | B3: Outil | C3: Python (Jupyter Notebook) | D3: =Outils!C3 -> Analyse / Modélisation | E3: P4→P12 | F3: =Outils!G3 -> 4.25 | G3: =Outils!H3 -> 1 | H3: =Outils!I3 -> PRIORITAIRE | I3: Analyse données capteurs / prédiction | J3: =Outils!J3 -> https://www.python.org/
A4: S03 | B4: Outil | C4: Pandas | D4: =Outils!C4 -> Manipulation de données | E4: P4→P12 | F4: =Outils!G4 -> 4.4 | G4: =Outils!H4 -> 1 | H4: =Outils!I4 -> PRIORITAIRE | I4: Nettoyage et préparation données massives | J4: =Outils!J4 -> https://pandas.pydata.org/
A5: S04 | B5: Outil | C5: Scikit-learn | D5: =Outils!C5 -> Machine Learning | E5: P8, P11, P12 | F5: =Outils!G5 -> 4.1 | G5: =Outils!H5 -> 1 | H5: =Outils!I5 -> PRIORITAIRE | I5: Maintenance prédictive / détection anomalies | J5: =Outils!J5 -> https://scikit-learn.org/stable/
A6: S05 | B6: Outil | C6: SQL (PostgreSQL/SQLite) | D6: =Outils!C6 -> Requêtage BDD | E6: P5, P6 | F6: =Outils!G6 -> 4 | G6: =Outils!H6 -> 1 | H6: =Outils!I6 -> PRIORITAIRE | I6: Interrogation bases données opérationnelles | J6: =Outils!J6 -> https://www.postgresql.org/
A7: S06 | B7: Outil | C7: Matplotlib / Seaborn | D7: =Outils!C7 -> Visualisation Python | E7: P4→P12 | F7: =Outils!G7 -> 4.2 | G7: =Outils!H7 -> 2 | H7: =Outils!I7 -> Recommandé | I7: Exploration et restitution analyses data | J7: =Outils!J7 -> https://matplotlib.org/
A8: S07 | B8: Outil | C8: Power Query (Power BI) | D8: =Outils!C8 -> Transformation de données | E8: P7, P13 | F8: =Outils!G8 -> 4 | G8: =Outils!H8 -> 2 | H8: =Outils!I8 -> Recommandé | I8: Automatisation nettoyage données hebdo. | J8: =Outils!J8 -> https://learn.microsoft.com/fr-fr/power-query/
A9: S08 | B9: Outil | C9: Excel | D9: =Outils!C9 -> Tableur / Analyse de base | E9: P2, P13 | F9: =Outils!G9 -> 4 | G9: =Outils!H9 -> 3 | H9: =Outils!I9 -> A évaluer | I9: Communication résultats / préparation données simples | J9: =Outils!J9 -> https://support.microsoft.com/fr-fr/excel
A10: S09 | B10: Outil | C10: KNIME | D10: =Outils!C10 -> ML visuel / Low-code | E10: P8 | F10: =Outils!G10 -> 3.25 | G10: =Outils!H10 -> 3 | H10: =Outils!I10 -> A évaluer | I10: Accessibilité ML pour équipes non-techniques Aéroworld | J10: =Outils!J10 -> https://docs.knime.com/ap/latest/
A11: S10 | B11: Outil | C11: Streamlit | D11: =Outils!C11 -> Déploiement app ML | E11: P12 | F11: =Outils!G11 -> 4 | G11: =Outils!H11 -> 2 | H11: =Outils!I11 -> Recommandé | I11: Mise en production modèles ML (maintenance prédictive) | J11: =Outils!J11 -> https://docs.streamlit.io/
A12: S11 | B12: Méthode | C12: Régression logistique | D12: =Méthodes!C2 -> ML Supervisé — Classification | E12: P12 | F12: =Méthodes!I2 -> 5 | G12: =Méthodes!H2 -> 2 | H12: =Méthodes!K2 -> Recommandé | I12: Détection anomalies capteurs / maintenance prédictive des flottes | J12: =Méthodes!L2 -> https://scikit-learn.org/stable/modules/linear_model.html#logistic-regression
A13: S12 | B13: Méthode | C13: Random Forest | D13: =Méthodes!C3 -> ML Supervisé — Ensemble | E13: P12 | F13: =Méthodes!I3 -> 4.8 | G13: =Méthodes!H3 -> 1 | H13: =Méthodes!K3 -> PRIORITAIRE | I13: Prédiction pannes équipements aéronautiques | J13: =Méthodes!L3 -> https://scikit-learn.org/stable/modules/ensemble.html#random-forests
A14: S13 | B14: Méthode | C14: K-Means Clustering | D14: =Méthodes!C4 -> ML Non Supervisé | E14: P11, P12 | F14: =Méthodes!I4 -> 4.2 | G14: =Méthodes!H4 -> 2 | H14: =Méthodes!K4 -> Recommandé | I14: Segmentation comportements vols / flottes | J14: =Méthodes!L4 -> https://scikit-learn.org/stable/modules/clustering.html#k-means
A15: S14 | B15: Méthode | C15: ACP | D15: =Méthodes!C5 -> Réduction de dimensions | E15: P11 | F15: =Méthodes!I5 -> 3.8 | G15: =Méthodes!H5 -> 2 | H15: =Méthodes!K5 -> Recommandé | I15: Réduction données capteurs haute dimensionnalité | J15: =Méthodes!L5 -> https://scikit-learn.org/stable/modules/decomposition.html#pca
A16: S15 | B16: Méthode | C16: Analyse de séries temporelles | D16: =Méthodes!C6 -> Statistiques temporelles | E16: P9 | F16: =Méthodes!I6 -> 4.6 | G16: =Méthodes!H6 -> 1 | H16: =Méthodes!K6 -> PRIORITAIRE | I16: Analyse tendances opérationnelles (carburant, maintenance) | J16: =Méthodes!L6 -> https://www.statsmodels.org/stable/tsa.html
A17: S16 | B17: Méthode | C17: Tests statistiques | D17: =Méthodes!C7 -> Statistiques inférentielles | E17: P9 | F17: =Méthodes!I7 -> 3 | G17: =Méthodes!H7 -> 3 | H17: =Méthodes!K7 -> A évaluer | I17: Validation hypothèses sur données de vol | J17: =Méthodes!L7 -> https://docs.scipy.org/doc/scipy/reference/stats.html
A18: S17 | B18: Méthode | C18: KNN | D18: =Méthodes!C8 -> ML Supervisé — Classification | E18: P12 | F18: =Méthodes!I8 -> 4 | G18: =Méthodes!H8 -> 2 | H18: =Méthodes!K8 -> Recommandé | I18: Classification anomalies sur données capteurs embarqués | J18: =Méthodes!L8 -> https://scikit-learn.org/stable/modules/neighbors.html
A19: S18 | B19: Outil | C19: SQL Power Architect | D19: =Outils!C12 -> Modélisation BDD | E19: P5 | F19: =Outils!G12 -> 4 | G19: =Outils!H12 -> 2 | H19: =Outils!I12 -> Recommandé | I19: Structuration architecture Data Lake Aéroworld | J19: https://bestofbi.com/products/sql-power-architect-data-modeling/
